店舗,商品,JANコード,税抜,税込,画像
西友鳩ヶ谷店,カルビー_堅あげポテト_ブラックペッパー_65g_,4901330563257,95,102,https://item-shopping.c.yimg.jp/i/n/okashinomarch_4901330563257
西友鳩ヶ谷店,カルビー_堅あげポテト_うすしお_65g_,4901330910549,95,102,https://item-shopping.c.yimg.jp/i/n/okagesama-market_4901330910549
西友鳩ヶ谷店,マ･マー_チャック付結束スパゲティ1.6mm,4902110304121,245,264,https://www.nisshin-foods.com/foods/products/product_file/file/4902110304121.jpg
西友鳩ヶ谷店,みなさまのお墨付き_ポテトチップス_コンソメ_60g,4973450168766,69,74,https://img1.esimg.jp/resize/240x180/image/food/01/79/52/2120028.jpg?ts=1581564141466
西友鳩ヶ谷店,みなさまのお墨付き_ポテトチップスサウザンアイランドドレッシング味_60g,4973450175634,69,74,"https://sm.r10s.jp/item/34/4973450175634.jpg?fit=inside|300:300&composite-to=*,*|300:300&background-color=white"
西友鳩ヶ谷店,みなさまのお墨付き_濃厚でクリーミーなコク特濃_1000ml,4973450168292,198,213,"https://sm.r10s.jp/item/92/4973450168292.jpg?fit=inside|300:300&composite-to=*,*|300:300&background-color=white"
西友鳩ヶ谷店,十勝のむヨーグルト_いちご_900g,0499016412110,178,192,-
西友鳩ヶ谷店,ガリガリ君パイン味,4901170106904,188,203,https://r.r10s.jp/ran/img/1001/0004/901/170/106/904/10010004901170106904_1.jpg
西友鳩ヶ谷店,レジ袋L,0400801995862,5,5,-
西友鳩ヶ谷店,じゃがりこ_サラダ味,4901330573041,92,99,https://item-shopping.c.yimg.jp/i/n/takaoka_4901330573041
西友鳩ヶ谷店,じゃがりこ_ガリバタ®醤油味,4901330578169,92,99,https://r.r10s.jp/ran/img/1001/0004/901/330/578/169/10010004901330578169_1.jpg
西友鳩ヶ谷店,じゃがりこ_チーズ味,4901330574352,92,99,https://item-shopping.c.yimg.jp/i/n/okashinomarch_4901330574352
西友鳩ヶ谷店,アスベル_エミール風呂イス28_ホワイト,4974908563294,1280,1408,https://askul.c.yimg.jp/img/product/3L1/P719967_3L1.jpg
西友鳩ヶ谷店,たまごマカロニサラダ,4956192102243,198,213,-
西友鳩ヶ谷店,肉団子2個,4956192202530,158,170,-
西友鳩ヶ谷店,デカウマ油そば,4902195256107,100,108,-
西友鳩ヶ谷店,アジフライ,0278134501964,196,211,-
西友鳩ヶ谷店,1日分の野菜_PET_900g,4901085193389,248,267,https://www.itoen.jp/files/products/yasai/210621%201nichibunnoyasai%20900g.jpg
西友鳩ヶ谷店,味付あらびき塩こしょう180ｇ,4901002024246,278,300,https://cdn.sbfoods.co.jp/products/15768_1_l.jpg
西友鳩ヶ谷店,イセ食品_森のたまご,4971436602662,158,170,"https://sm.r10s.jp/item/62/4971436602662.jpg?fit=inside|300:300&composite-to=*,*|300:300&background-color=white"
西友鳩ヶ谷店,西友オリジナル_みなさまのお墨付き_とろけるスライスチーズ_7枚入,4973450151898,158,170,"https://sm.r10s.jp/item/98/4973450151898.jpg?fit=inside|300:300&composite-to=*,*|300:300&background-color=white"
西友鳩ヶ谷店,赤城_ミルクレア宇治抹茶_４４ｍｌ×６,4901170101527,182,196,https://km.tsite.jp/img/a/L/4901170_4901170101527_4896.jpg
西友鳩ヶ谷店,青の洞窟_クリーミーボロネーゼ,4902110260557,198,213,https://www.nisshin-foods.com/foods/products/product_file/file/4902110260557.jpg
西友鳩ヶ谷店,味の素_ザ・チャーハン_６００ｇ,4901001754199,352,380,https://km.tsite.jp/img/a/L/4901001_4901001754199_6203436000.jpg
西友鳩ヶ谷店,青の洞窟_海老と帆立のトマトクリーム,4902110328004,198,213,https://www.nisshin-foods.com/foods/products/product_file/file/4902110328004.jpg
西友鳩ヶ谷店,日清食品_カップヌードル_シーフードヌードル_[レギュラーサイズ]_75g_,49698633,148,159,https://item-shopping.c.yimg.jp/i/n/nico25_49698633-020k69
西友鳩ヶ谷店,日清_青の洞窟_ペペロンチーニ_46g,4902110363616,272,293,https://jp.images-monotaro.com/Monotaro3/pi/full/mono60889484-210317-02.jpg
西友鳩ヶ谷店,パンテーン_エアリーふんわりケア_ポンプ_シャンプー+コンディショナー_(450ml+400g),4902430917223,598,645,https://item-shopping.c.yimg.jp/i/j/benkyoudou_so-4902430917223
西友鳩ヶ谷店,西友オリジナル_みなさまのお墨付き_あえるだけたらこ_1人前×2袋,4973450117603,128,138,"https://sm.r10s.jp/item/03/4973450117603.jpg?fit=inside|300:300&composite-to=*,*|300:300&background-color=white"
西友鳩ヶ谷店,まぜるだけのスパゲッティソース_生風味たらこバター,4901002132323,145,156,https://cdn.sbfoods.co.jp/products/15811_1_l.jpg
西友鳩ヶ谷店,青の洞窟_カルボナーラ,4902110373936,198,213,https://www.nisshin-foods.com/foods/products/product_file/file/4902110373936.jpg
西友鳩ヶ谷店,青の洞窟_トリュフ香るチーズクリーム,4902110260212,198,213,https://www.nisshin-foods.com/foods/products/product_file/file/4902110260212.jpg
西友鳩ヶ谷店,ワイドハイター_漂白剤_クリアヒーロー_クレンジングパウダー_本体_(_530g_),4901301332769,465,502,https://item-shopping.c.yimg.jp/i/n/soukai_4901301332769
西友鳩ヶ谷店,エマール_洗濯洗剤_リフレッシュグリーンの香り_本体_(_500ml_),4901301349071,245,264,https://item-shopping.c.yimg.jp/i/n/soukai_4901301349071
西友鳩ヶ谷店,オーマイ_和パスタ好きのための_ガリバタ醤油,4902170057647,155,167,https://www.nippn.co.jp/products/pasta_sauce/ohmy_sauce/detail/__icsFiles/afieldfile/2020/06/30/wapasta_garlicbutter.jpg
セブンイレブン_文京向丘１丁目店,ガム・トラベルセット,-,341,375,https://jp.sunstargum.com/lineup/brush/travelset/images/main01.png
ほっともっと東大正門前店,のり弁当_ライス普通盛り,-,306,330,https://www.hottomotto.com/files/menu_img/4199s.jpg?id=20683
ほっともっと東大正門前店,ロースかつ丼_ライス普通盛り,-,454,490,https://www.hottomotto.com/files/menu_img/3120s.jpg?id=20683
ほっともっと東大正門前店,カットステーキ重_ライス普通盛り,-,547,590,https://www.hottomotto.com/files/menu_img/2154s.jpg?id=20683
ほっともっと東大正門前店,から揚カレー_ライス普通盛り,-,547,590,https://www.hottomotto.com/files/menu_img/4421s.jpg?id=20683
ほっともっと東大正門前店,から揚弁当(4コ入り)__ライス普通盛り,-,362,390,https://www.hottomotto.com/files/menu_img/4401s.jpg?id=20683
ほっともっと東大正門前店,チキン南蛮弁当_ライス普通盛り,-,463,500,https://www.hottomotto.com/files/menu_img/2215s.jpg?id=20683
ほっともっと東大正門前店,九州チキン南蛮弁当_ライス普通盛り,-,463,500,https://www.hottomotto.com/files/menu_img/4193s.jpg?id=20683
ほっともっと東大正門前店,チーズハンバーグ弁当_ライス普通盛り,-,639,690,https://www.hottomotto.com/files/menu_img/3784s.jpg?id=20683